category,rating,recipe_name,recipe_price,serving_price,time_hrs,time_mins,votes
Pasta Recipes,,,,,0,0,0
Pasta Recipes,4.78,Garlic Noodles,2.54,0.64,0,25,53
Pasta Recipes,4.94,Garlic Parmesan Kale Pasta,3.37,0.84,0,25,47
Slow Cooker Recipes,4.17,Teriyaki Pork Sandwiches,13.4,1.68,8,30,6
Appetizers,4.8,Vegetable Egg Rolls,5.9,0.58,1,0,20
Sandwich,,Meatball Sandwich,$1.62 recipe,$1.62 recipe,0,10,0
Sandwich,5.0,Egg Florentine Quesadillas,$0.63 recipe,$0.63 recipe,0,10,1
Sandwich,,Peach Quesadillas,$0.55 recipe,$0.55 recipe,0,15,0
Slow Cooker Recipes,5.0,Black-Eyed Peas,2.74,0.34,3,10,9
Sandwich,,Jalapeno Hummus Breakfast Sandwich,$0.70 recipe,$0.70 recipe,0,10,0
Meat Recipes,4.63,Chorizo Chicken Jambalaya,8.98,1.12,1,5,32
Top Recipes,4.83,Spanish Chickpeas and Rice,7.39,1.84,0,50,89
Sandwich,5.0,Honey Wheat Sandwich Bread,1.34,0.11,2,30,17
Meat Recipes,4.75,Pepperoni Stuffed Chicken,3.66,0.91,0,45,8
Meat Recipes,4.93,Italian Meatballs,9.37,0.89,1,5,14
Meat Recipes,4.79,Coconut Chicken w/ Sweet Chili Dipping Sauce,6.91,1.15,0,30,14
Main Dish,5.0,Sweet Potato Enchiladas,3.83,0.96,0,40,5
Pasta Recipes,5.0,Parsley Pesto Pasta with Peas,5.3,1.33,0,25,1
Pizza,4.85,Thick & Rich Pizza Sauce Recipe,2.7,0.9,0,25,26
Slow Cooker Recipes,,,,,0,0,0
Pizza,5.0,Honey Wheat Pizza Dough,$1.14 recipe,$1.14 recipe,1,45,1
Pizza,4.7,Stromboli,7.55,1.26,3,25,13
Pizza,4.77,Easy White Spinach Pizza,4.68,1.56,0,30,17
Pizza,4.91,Caramelized Onion & Mushroom White Pizza,5.58,1.4,12,15,11
Pizza,4.75,The Quick Fix Salad Bar Pizza,1.71,0.86,0,15,4
Pizza,4.77,BBQ Black Bean Pizzas,6.21,0.78,0,15,13
Main Dish,5.0,Eggplant Parmesan,7.83,0.87,2,0,4
Pizza,5.0,Homemade Pizza Dough,0.37,0.09,1,42,25
Pizza,4.96,No Knead Pan Pizza,2.92,0.97,12,20,22
Side Dish,4.67,Spinach and Chickpea Rice Pilaf,4.71,0.79,0,45,33
Side Dish,4.78,Easy Homemade Cornbread,1.51,0.19,0,30,35
Meat Recipes,,,,,0,0,0
Side Dish,4.8,Sweet Potato Cornbread,4.0,0.5,0,55,50
Meat Recipes,5.0,"Chipotle Chicken Chili or ""C3""",9.51,1.19,1,20,18
Meat Recipes,4.64,Joe's Special (my way),9.18,1.53,0,30,11
Meat Recipes,4.53,Chicken in Peanut Sauce,6.7,1.68,0,30,34
Meat Recipes,5.0,Soy Dijon Pork Tenderloin,$7.82 reicpe / $1.96 serving,$7.82 reicpe / $1.96 serving,2,45,25
Meat Recipes,5.0,Ranch Chops,6.73,1.68,1,10,1
Side Dish,4.86,Vegetarian Mustard Greens,4.21,0.7,0,50,7
Meat Recipes,4.64,Salsa Chicken Casserole,8.58,1.43,1,5,95
Meat Recipes,4.86,beef ragout with mashed cauliflower,13.11,2.19,1,5,7
Meat Recipes,4.92,Maple Dijon Chicken Thighs,6.7,1.12,1,0,46
Meat Recipes,4.81,Curry Beef with Peas,6.99,1.17,0,45,26
Meat Recipes,4.87,Southwest Steak Bowls,10.5,2.63,1,5,15
Meat Recipes,5.0,Roasted Poblano Grits with Chorizo,4.27,1.07,0,55,5
Meat Recipes,4.75,navy bean soup with sausage and spinach,7.11,0.89,2,45,20
Meat Recipes,4.67,banh mi bowls,8.18,1.36,1,0,9
Meat Recipes,4.8,Chunky Beef Stew,10.38,1.73,1,15,15
Meat Recipes,4.97,Oven Roasted Autumn Medley,7.04,1.76,1,0,29
Meat Recipes,4.94,Chicken & Pineapple Quesadillas,7.28,0.91,0,30,15
Meat Recipes,4.84,"Split Pea, Bacon & Potato Soup",6.49,0.81,1,10,36
Meat Recipes,4.91,hoisin beef tacos with sweet & sour slaw,9.15,1.14,0,15,10
Side Dish,5.0,Cabbage and Cranberry Salad,3.5,0.88,0,10,3
Side Dish,4.78,Quick Garlic Parmesan Broccoli,4.27,1.07,0,25,9
Meat Recipes,5.0,Chicken (or Turkey) Green Chile Enchiladas,9.72,1.94,0,50,13
Meat Recipes,4.91,Honey Sriracha Chicken Thighs,7.29,1.22,1,10,54
Meat Recipes,4.91,Turkey Sriracha Meatballs,6.65,1.11,0,40,43
Side Dish,4.29,Enfrijoladas - Tortillas in Black Bean Sauce,6.4,1.6,0,35,7
Side Dish,4.96,Colcannon,3.64,0.46,0,45,25
Meat Recipes,4.89,Chicken and Pumpkin Soup,6.55,1.09,1,5,35
Meat Recipes,4.84,Chorizo Sweet Potato Chili,8.63,1.44,0,45,31
Side Dish,4.93,Mediterranean Farro Salad with Spiced Chickpeas,7.65,1.91,0,20,41
Side Dish,4.92,Smoky Quinoa and Black Bean Salad,5.0,1.25,0,50,23
Side Dish,4.88,Easy Cheesy Broccoli Rice,$5.94 recipe / $0.99 serving*,$5.94 recipe / $0.99 serving*,0,30,8
Side Dish,4.91,Wild Rice and Vegetable Casserole,6.93,1.16,1,0,22
Side Dish,4.1,Kimchi Fried Rice,4.84,1.21,0,30,10
Side Dish,5.0,Easy Taco Rice,2.27,0.38,0,40,8
Side Dish,4.96,Spicy Roasted Cauliflower with Cheese Sauce,3.26,1.63,0,35,22
Side Dish,4.88,Oven Roasted Frozen Broccoli,1.23,0.62,0,35,32
Side Dish,5.0,Maple Miso Roasted Carrots,2.57,0.64,0,40,1
Side Dish,4.88,Spinach Chickpea and Quinoa Salad,6.28,1.57,0,20,31
Meat Recipes,4.88,Sausage and Kale Skillet,6.02,1.51,0,30,25
Side Dish,4.91,Tomato Basil No Knead Bread,$2.57 per loaf,$2.57 per loaf,2,35,11
Side Dish,4.91,Braised Red Cabbage,2.66,0.53,0,40,11
Side Dish,5.0,Roasted Summer Vegetables,4.85,1.27,0,50,5
Side Dish,5.0,Fluffy Garlic Herb Mashed Potatoes,2.05,0.34,0,35,7
Side Dish,5.0,Streuseled Sweet Potatoes,2.99,0.75,0,50,6
Side Dish,4.82,Parsley Salad with Almonds and Apricots,4.28,1.07,0,50,11
Side Dish,5.0,Rosemary Roasted Potatoes,3.58,0.9,0,45,7
Side Dish,4.8,Creamiest Green Bean Casserole,7.85,1.31,0,45,15
Side Dish,4.84,Smoky Maple Roasted Acorn Squash,1.66,0.42,0,50,6
Side Dish,4.74,Rice Cooker Spanish Chickpeas and Rice,4.41,1.1,0,30,19
Pizza,4.73,Spicy Italian Flat Bread,3.82,0.96,13,18,11
Pizza,5.0,Ultimate Portobello Mushroom Pizza,6.37,2.12,0,25,5
Pizza,4.95,Creamy Spinach Artichoke Pizza,5.14,1.71,12,25,17
Pizza,5.0,Bacon and Caramelized Pineapple Pizza,$4.40 recipe / $0.55 per slice,$4.40 recipe / $0.55 per slice,0,35,2
Pizza,4.63,Thin and Crispy Pizza Crust,$0.59 recipe / $0.30 per pizza,$0.59 recipe / $0.30 per pizza,0,25,51
Pizza,4.91,Eggs Florentine Breakfast Pizza,2.86,0.95,0,30,11
Pizza,4.67,Pepperoni Stuffed Baked Potatoes,5.75,1.44,1,25,6
Pizza,4.84,Freezer Ready Mini Pizzas,4.31,1.17,8,15,6
Pizza,4.84,Mushroom Spinach and Swiss French Bread Pizzas,5.76,1.44,0,30,6
Pizza,4.8,Homemade Cheesy Garlic Bread,2.47,0.49,1,45,5
Side Dish,5.0,Kale Salad with Toasted Pita and Parmesan,3.83,1.28,0,30,1
Pizza,4.2,White Pizza with Parsley Pesto Drizzle,$4.47 recipe / $0.56 per slice,$4.47 recipe / $0.56 per slice,0,40,5
Side Dish,5.0,Roasted Cauliflower and Quinoa Salad,8.46,1.41,0,55,21
Side Dish,5.0,Creamed Spinach (take 2),2.93,0.73,0,20,5
Side Dish,5.0,Vegetable NOT Fried Rice,3.33,0.83,0,30,7
Pizza,3.5,French Bread Pizza,$2.45 recipe / $0.61 each (cheese pizza),$2.45 recipe / $0.61 each (cheese pizza),0,20,6
Side Dish,5.0,Beer Braised Collard Greens,4.19,0.7,0,12,1
Side Dish,5.0,Maple Roasted Sweet Potatoes with Pecans,5.28,0.88,0,55,3
Side Dish,4.75,Sweet Potato Grits,1.63,0.27,0,25,4
Pizza,4.8,Quick Fix Broccoli Pesto Pizza,$1.60 each,$1.60 each,0,12,5
Pizza,5.0,Garlicky Kale and Ricotta Pizza,3.61,0.9,0,30,7
Side Dish,4.41,Curry Roasted Cauliflower,3.77,0.63,0,55,10
Pizza,5.0,Pizza Roll Ups,3.71,0.93,0,25,4
Side Dish,4.8,Sweet Potato Corn Cakes with Garlic Dipping Sauce,5.96,0.6,1,20,48
Side Dish,4.5,island rice pilaf,5.52,0.92,0,50,4
Side Dish,5.0,Cashew Rice Pilaf,3.72,0.62,1,0,19
Side Dish,5.0,Roasted Root Vegetables,6.17,1.03,1,0,1
Side Dish,4.91,Sautéed Corn and Tomatoes,2.27,0.57,0,25,10
Side Dish,4.89,Skillet Potatoes and Green Beans,3.36,0.84,0,45,18
Side Dish,5.0,Artichoke Stuffing,7.72,0.97,1,15,1
Side Dish,4.84,Date & Gorgonzola Stuffed Sweet Potatoes,5.57,1.4,1,15,6
Side Dish,4.69,Cheddar Scallion Scones,2.22,0.28,0,33,19
Side Dish,5.0,Broccoli Sambal,3.68,0.92,0,35,3
Main Dish,4.77,Dal Nirvana,3.39,0.57,1,10,30
Side Dish,4.93,Curry Roasted Carrots,1.62,0.81,0,45,14
Meat Recipes,4.72,Louisiana Red Beans & Rice,8.48,0.85,3,0,39
Side Dish,5.0,Spinach and Feta Mashed Potatoes,4.79,0.8,0,28,6
Meat Recipes,5.0,Cranberry & Walnut Stuffed Pork Loin,7.56,0.95,1,15,6
Meat Recipes,4.67,Pork & Ginger Pot Stickers,6.96,0.54,1,15,3
Meat Recipes,4.5,Super Simple Shrimp Tacos,$11.94 recipe / $1.49 each,$11.94 recipe / $1.49 each,0,50,2
Meat Recipes,5.0,Greek Chicken Stew,9.38,1.88,1,0,4
Meat Recipes,4.75,Lobster & Cream Cheese Wontons,7.57,0.94,1,0,4
Main Dish,5.0,Hummus & Grilled Vegetable Pizza,4.4,1.1,1,30,6
Meat Recipes,5.0,Chicken Enchiladas,9.67,0.97,0,55,2
Meat Recipes,4.86,Sriracha Chicken Strips,4.55,1.14,2,0,7
Main Dish,4.67,Zucchini Pizza Boats,7.92,1.32,0,35,3
Meat Recipes,5.0,Spicy Hawaiian Pizza,3.76,0.94,0,30,1
Main Dish,4.29,freezer burritos,7.59,0.95,0,20,7
Meat Recipes,5.0,Chunky Split Pea Soup,4.75,0.79,1,40,1
Meat Recipes,5.0,Caldo Xochitl (Mexican Hot Flower Soup),7.24,1.21,0,55,2
Main Dish,4.86,Salsa Poached Eggs & Grits,,,0,30,7
Meat Recipes,4.79,Lentil & Sausage Stew,6.67,0.83,1,15,33
Meat Recipes,5.0,Tilapia Fish Sticks,6.22,1.56,0,25,8
Meat Recipes,5.0,Chicken Chili Verde,9.15,1.14,9,30,2
Meat Recipes,4.0,Breakfast Pizza,3.24,0.81,0,25,1
Meat Recipes,5.0,Beef and Barley Soup,13.81,1.73,1,15,7
Meat Recipes,4.67,Collard Greens,5.06,0.84,2,5,3
Meat Recipes,,Hearty Meatball Soup,12.49,1.56,0,40,0
Meat Recipes,4.5,Turkey Meatballs,5.52,0.59,1,5,2
Meat Recipes,4.0,Quick Lemon Garlic Fish,2.89,1.45,0,15,1
Meat Recipes,4.73,Asian Sticky Wings,5.07,1.27,0,45,18
Meat Recipes,4.34,Jambalaya,10.99,1.37,1,0,6
Meat Recipes,4.75,Herb Mustard Pork Loin,14.01,1.75,4,40,4
Meat Recipes,4.82,Southwest Chicken Skillet,6.76,1.69,0,25,124
Meat Recipes,4.88,Raspberry Chipotle BBQ Chicken,9.95,1.24,1,45,8
Meat Recipes,5.0,Spring Rolls & Quick Peanut Sauce,9.15,1.84,0,45,3
Meat Recipes,5.0,Tandoori Chicken Kebabs,3.95,1.92,8,20,2
Meat Recipes,4.75,Beef & Pineapple Enchiladas,6.54,1.64,1,0,12
Meat Recipes,4.66,Apple Spice Pork Chops,9.4,2.35,0,45,35
Meat Recipes,4.59,(Not) Butter Chicken,6.22,1.04,1,30,17
Meat Recipes,4.93,Chorizo Sweet Potato Skillet,7.09,1.81,0,55,67
Meat Recipes,4.8,Soy Dijon Chicken Thighs with Sweet Potatoes,8.31,1.19,1,30,35
Meat Recipes,,,,,0,0,0
Meat Recipes,4.64,Baked Pineapple Teriyaki Chicken Thighs,5.57,1.39,0,50,25
Meat Recipes,4.9,Honey Mustard Pork Chops,7.66,1.92,1,0,38
Meat Recipes,4.73,Blackened Tilapia,$4.19 reicpe / $1.05 serving,$4.19 reicpe / $1.05 serving,0,20,11
Meat Recipes,4.69,White Beans with Tomato and Sausage,6.07,1.52,0,35,35
Meat Recipes,4.85,Leftover Stuffin' Muffins,,,0,40,19
Meat Recipes,5.0,Kung Pao Chicken (and vegetables),7.26,1.82,0,35,25
Meat Recipes,4.57,Spicy Pork Pad Thai,6.79,1.75,0,50,30
Meat Recipes,5.0,Pineapple Pork Kebabs (no grill required),6.8,0.68,1,0,9
Meat Recipes,4.67,Thai Peanut Chicken,5.17,1.29,1,45,18
Meat Recipes,5.0,Fish Tacos with Cumin Lime Slaw,5.44,1.36,0,30,19
Meat Recipes,4.65,Taco Salad Skillet,7.86,1.97,0,25,17
Meat Recipes,4.74,Unstuffed Bell Peppers,$8.29 recipe $1.38 serving,$8.29 recipe $1.38 serving,1,0,34
Meat Recipes,4.92,Sweet n' Spicy Chicken Bowls,6.05,1.51,0,55,25
Meat Recipes,4.75,Weeknight Black Bean Chili,7.19,1.2,0,35,64
Meat Recipes,4.98,Blackberry Sage Pork Chops,6.31,1.58,0,30,37
Meat Recipes,4.84,SNAP Challenge: Creamy Chicken and Black Bean Enchiladas,8.62,1.08,1,15,30
Meat Recipes,4.76,Yellow Rice Chicken Skillet,6.04,1.51,0,55,45
Meat Recipes,4.2,"Bacon, Bean, and Potato Soup",7.76,0.78,1,45,15
Salads,4.0,Guacamole Salad,4.81,0.8,0,15,2
Salads,5.0,Southern Style Potato Salad,5.29,0.66,0,35,3
Salads,5.0,Roasted Poblano and Sweet Potato Salad,5.96,0.76,0,50,3
Meat Recipes,4.43,Matzo Ball Soup,6.9,1.38,1,40,33
Salads,,Holiday Wild Rice Dressing,8.2,1.37,1,30,0
Salads,4.84,Mediterranean White Bean Salad,5.9,0.93,0,15,6
Salads,4.0,Crunchy Asian Salad,7.26,1.21,0,20,8
Salads,3.5,Carrot and Feta Salad,2.49,0.41,0,55,2
Salads,4.0,Dijon Lentil Salad,3.07,0.51,0,45,3
Salads,4.5,Cucumber Mango Salad,1.71,0.57,0,15,4
Meat Recipes,4.75,Creole White Beans with Chicken,11.38,0.95,4,25,8
Salads,4.78,Quinoa Tabbouleh,6.46,0.81,1,0,9
Salads,5.0,Vinaigrette Slaw with Feta,5.93,0.74,0,45,2
Salads,5.0,Southwest Salad with Taco Ranch Dressing,8.23,1.37,0,40,2
Salads,4.73,Confetti Chickpea Salad,4.05,0.68,0,10,11
Salads,4.67,Wilted Kale and Lentil Salad,4.78,0.8,1,15,12
Meat Recipes,4.67,Loaded French Bread Pizza,8.98,1.5,0,30,6
Salads,4.88,Falafel Salad,6.28,1.57,0,40,33
Salads,4.6,Cajun Potato Salad,5.36,0.89,0,35,5
Salads,4.96,Crunchy Chinese Chicken Salad,9.62,1.2,0,20,21
Salads,4.0,Apple Cabbage Slaw,3.8,0.76,0,20,6
Salads,4.77,Lemony Kale and Quinoa Salad,4.97,1.24,0,40,26
Salads,4.78,Cumin Lime Coleslaw,3.0,0.5,0,30,18
Salads,5.0,Crunchy Kale and Chicken Salad,6.19,1.55,0,30,8
Sandwich,4.52,Easy Homemade Falafel,3.01,0.43,1,40,39
Salads,5.0,Peanut Lime Dressing,0.89,0.22,0,5,7
Sandwich,5.0,No-Knead Ciabatta,0.42,0.11,18,25,4
Sandwich,5.0,Black Bean Burgers,6.69,1.12,0,45,15
Sandwich,4.8,Mediterranean Quesadillas,11.42,1.14,0,30,5
Sandwich,5.0,(not) Philly Cheesesteak Sandwiches,9.29,2.32,0,30,2
Sandwich,5.0,Honey Mustard Chicken Salad,2.72,1.36,0,25,13
Salads,4.5,Pineapple Black Bean Salad,6.97,1.16,1,0,16
Sandwich,5.0,Pizzadillas,9.22,1.54,0,20,4
Sandwich,5.0,Avocado Breakfast Pita,$1.22 recipe,$1.22 recipe,0,10,4
Salads,5.0,Plum Salad with Lemon Ginger Dressing,4.79,1.6,0,20,4
Sandwich,5.0,Spinach Feta Grilled Cheese,3.4,1.7,0,30,37
Meat Recipes,4.86,Greek Turkey Burgers,11.47,1.91,0,30,42
Sandwich,4.8,Chipotle Sweet Potato Burgers,,,1,10,35
Meat Recipes,5.0,Coconut Chicken Soup,11.14,1.39,0,30,6
Meat Recipes,5.0,Kung Pao Chicken,6.27,1.16,1,15,4
Meat Recipes,4.86,Ginger Salmon,7.65,2.55,0,35,7
Meat Recipes,5.0,Chili Lime Pork Loin,8.92,1.49,1,40,10
Meat Recipes,5.0,Apricot Dijon Pork Chops,7.0,1.75,0,25,4
Meat Recipes,4.82,Honey Mustard Chicken Strips,6.02,1.51,1,0,11
Sandwich,5.0,Lemon Herb Egg Salad,2.16,0.54,0,15,6
Meat Recipes,4.64,Moroccan Beef Stew,12.97,2.16,1,45,11
Meat Recipes,4.78,Chicken Shawarma,7.98,2.0,4,15,40
Meat Recipes,5.0,Teriyaki Salmon with Sriracha Mayo,13.94,3.3,0,40,17
Meat Recipes,5.0,Sausage and Kale Soup,8.45,1.05,0,45,8
Meat Recipes,5.0,Chicken Adobo,9.66,1.61,0,55,15
Sandwich,4.96,BBQ Bean Sliders,7.42,1.86,0,30,23
Sandwich,4.53,Oven Roasted Greek Stuffed Pitas,10.95,1.37,1,20,17
Sandwich,4.8,Green Chile Turkey Burgers,$11.72 recipe / $2.34 each,$11.72 recipe / $2.34 each,0,30,20
Sandwich,4.8,Veggie Packed Freezer Ready Breakfast Sandwiches,7.52,1.25,1,30,29
No Cook,4.0,Marinated White Beans,2.83,0.47,0,10,2
Sandwich,4.88,Chicken Kale Caesar Wraps,8.56,2.14,0,30,8
Sandwich,4.85,Mini Black Bean Turkey Burgers,9.81,1.96,0,35,19
Sandwich,4.89,Sriracha Egg Salad,3.11,0.78,0,30,18
Sandwich,5.0,Spinach Artichoke Grilled Cheese,5.87,2.94,0,20,12
Sandwich,5.0,Greek Chicken Wraps,$14.54 recipe / $2.42 per wrap,$14.54 recipe / $2.42 per wrap,1,10,18
Sandwich,4.65,Brown Sugar Bacon Breakfast Sandwiches with Chipotle Mayo,9.8,2.45,0,30,14
Sandwich,4.75,Sloppy Joes Plus,10.28,1.29,0,30,16
Sandwich,4.96,Vegetarian French Dip Sandwiches,10.44,2.61,0,35,42
Sandwich,4.8,Hawaiian Burgers,,,0,35,15
Meat Recipes,5.0,Balsamic Bruschetta Chicken,6.75,1.79,0,35,9
Sandwich,4.86,Spinach Artichoke Quesadillas,,,0,10,7
Sandwich,4.7,Buffalo Tempeh Sandwiches,$6.98 recipe / $3.49 per sandwich,$6.98 recipe / $3.49 per sandwich,0,25,13
Sandwich,4.75,Cajun Salmon Burgers,$7.19 recipe / $3.60 each,$7.19 recipe / $3.60 each,0,50,12
Sandwich,4.89,BBQ Tofu Sliders,4.33,1.44,0,20,26
Meat Recipes,5.0,Creamy Chicken & Rice Soup,7.25,0.91,1,15,15
Meat Recipes,4.67,Turkey and Stuffing Casserole,18.95,3.16,2,0,3
Meat Recipes,5.0,Thai Chicken Pizza,11.72,1.47,0,35,6
Meat Recipes,4.67,Turmeric Chicken,10.14,1.69,0,55,24
Meat Recipes,4.72,Chicken and Apple Salad,,,0,25,7
Meat Recipes,4.0,Pineapple Teriyaki Chicken Thighs,9.94,1.42,1,15,5
Meat Recipes,4.68,Honey Spice Chicken Thighs,5.13,0.64,0,50,31
Meat Recipes,4.77,Teriyaki Meatball Bowls,7.89,1.32,1,0,51
Meat Recipes,4.67,Orange Molasses Pork Chops,7.39,1.23,2,15,3
Meat Recipes,4.78,Tandoori Chicken Bites,7.48,1.5,2,30,9
Meat Recipes,4.51,Honey Balsamic Chicken Tenders,4.99,1.25,0,50,63
Meat Recipes,4.89,Curry Chicken Salad,5.69,1.42,0,30,26
Meat Recipes,4.15,Kale & Chorizo Frittata,6.27,1.05,1,5,7
Sandwich,5.0,Grilled Broccoli & Cheese,1.59,1.59,0,15,5
No Cook,4.96,Apple Dijon Kale Salad,5.4,1.35,0,20,22
Meat Recipes,4.17,Hawaiian Ham Quesadillas,9.36,1.04,0,25,6
Meat Recipes,4.75,Chili Lime Shrimp Bowls,10.5,1.75,1,0,8
No Cook,5.0,Roasted Red Pepper Hummus Wraps,11.69,1.94,0,20,3
No Cook,4.8,Pesto Chickpea Salad,3.98,1.0,0,10,10
Meat Recipes,4.92,Herb Roasted Pork Loin,6.09,1.52,0,55,23
Meat Recipes,4.85,Tuna & White Bean Salad,2.21,0.74,0,10,26
Meat Recipes,4.85,thai turkey meatloaf,7.83,0.98,1,20,13
No Cook,4.8,No Sugar Added Blueberry Almond Overnight Oats,$4.52 recipe $1.13 serving,$4.52 recipe $1.13 serving,8,10,5
No Cook,4.91,Broccoli Salad with Honey Yogurt Dressing,5.34,1.54,0,30,10
No Cook,4.91,Simple Tomato Cucumber Salad,$3.05 recipe / $0.76 servings,$3.05 recipe / $0.76 servings,0,20,11
No Cook,4.67,Sesame Slaw,$5.08 recipe / $0.64 per cup,$5.08 recipe / $0.64 per cup,0,20,3
No Cook,5.0,Sriracha Pimento Cheese Spread,4.31,0.72,0,15,5
No Cook,4.67,Pumpkin Cheesecake Mousse,2.28,0.57,0,0,3
No Cook,4.82,Make Ahead Kale White Bean and Pesto Salad,7.06,1.77,0,20,16
No Cook,4.67,No Sugar Added Apple Pie Overnight Oats,3.62,0.91,12,0,18
No Cook,4.94,Golden Milk Overnight Oats,$0.40 each,$0.40 each,8,5,16
No Cook,4.84,Lime Crema,1.98,0.25,0,0,6
No Cook,4.69,Sweet Crunch Winter Salad,4.58,1.15,0,0,16
No Cook,4.97,Curried Tofu Salad,,,0,10,29
No Cook,4.95,Scallion Herb Chickpea Salad,2.46,1.23,0,0,17
No Cook,4.45,Peanut Butter Fluff Cups,2.83,0.72,0,0,9
Meat Recipes,3.0,How to: make chicken broth,,,0,0,2
Pasta Recipes,4.81,Skillet Cheeseburger Pasta,7.19,1.8,0,35,31
Pasta Recipes,4.85,Greek Chicken Pasta Salad,8.91,2.23,1,0,33
No Cook,4.9,Sriracha Chickpea Salad Wraps,$3.37 recipe / $1.69 per wrap,$3.37 recipe / $1.69 per wrap,0,0,19
Pasta Recipes,4.74,Blackened Shrimp Pasta,8.1,2.03,0,30,42
Pasta Recipes,4.81,Skillet Chicken with Orzo and Olives,10.03,2.57,0,45,26
Pasta Recipes,4.63,Parsley Scallion Hummus Pasta,3.93,0.98,0,30,8
Pasta Recipes,4.77,Creamy Lemon Dill Greek Pasta Salad,10.4,1.73,0,30,13
Pasta Recipes,4.75,Beef & Mushroom Country Casserole,12.09,2.02,0,55,20
Pasta Recipes,4.8,Lime Shrimp Dragon Noodles,4.97,2.49,0,30,48
No Cook,5.0,Garlic Herb Seasoning,$0.28 recipe,$0.28 recipe,0,2,6
Pasta Recipes,4.82,Zucchini and Orzo Salad with Chimichurri,6.57,1.64,0,35,16
Pasta Recipes,4.61,Creamy Pesto Mac with Spinach,$4.05 reicpe / $0.68 serving,$4.05 reicpe / $0.68 serving,0,30,28
Pasta Recipes,4.77,Chicken and Broccoli Pasta with Lemon Cream Sauce,6.85,1.71,0,35,13
Pasta Recipes,4.85,Kale & Salmon Caesar Salad,8.9,2.23,0,25,13
Pasta Recipes,4.56,Spicy Seafood Pasta with Tomato Butter Sauce,7.0,1.75,0,50,9
Pasta Recipes,4.7,Creamy Mushroom Herb Pasta,4.54,1.14,0,30,26
Pasta Recipes,4.2,Halusky (Cabbage and Noodles),3.41,0.57,0,25,25
Pasta Recipes,4.7,Cheesy Rigatoni Skillet with Mushrooms and Spinach,8.76,2.19,0,30,13
Pasta Recipes,4.78,Spaghetti Carbonara,4.31,1.08,0,25,31
Pasta Recipes,4.64,One Pot Bacon Broccoli Mac and Cheese,6.81,1.7,0,45,19
Pasta Recipes,4.57,Lighter Spinach Alfredo Pasta,5.92,1.48,0,25,16
Pasta Recipes,4.87,Skillet Pasta with Sun Dried Tomatoes Walnuts and Feta,5.95,1.49,0,25,15
Pasta Recipes,4.61,Creamy Chicken Fajita Pasta,6.29,1.57,0,30,28
Pasta Recipes,4.15,Will It Skillet? Mac and Cheese,2.59,1.3,0,20,21
Pasta Recipes,4.93,Pesto Stuffed Shells,7.81,1.56,0,55,14
Pasta Recipes,4.83,Pork and Peanut Dragon Noodles,3.75,1.25,0,25,94
Pasta Recipes,5.0,Grilled Vegetable Pasta Salad,9.65,1.21,0,50,5
Pasta Recipes,4.69,Fresh Tomato Basil Pasta with Ricotta,8.69,2.17,0,25,16
Pasta Recipes,5.0,Pepperoni Pasta Salad,7.31,1.22,0,25,6
Pasta Recipes,4.91,Creamy Tuna Pasta with Peas and Parmesan,6.01,1.5,0,25,20
Pasta Recipes,4.37,Lemon Garlic Asparagus Pasta,3.88,1.29,0,25,19
Pasta Recipes,4.78,The Best Weeknight Pasta Sauce,4.35,1.09,0,40,9
Pasta Recipes,4.94,Roasted Vegetable Couscous,,,0,55,16
Pasta Recipes,4.91,"Ravioli with Sage Brown Butter Sauce, Spinach, and Walnuts",4.87,2.44,0,20,11
Pasta Recipes,4.46,Rice Cooker Mac and Cheese,1.57,0.79,0,20,11
Pasta Recipes,4.56,Monterey Chicken Skillet,8.11,2.03,0,25,38
Pasta Recipes,4.54,White Cheddar Mac and Cheese with Chicken and Broccoli,6.66,1.67,0,30,13
Pasta Recipes,5.0,Salad Bar Vegetable Lo Mein,6.33,3.17,0,15,5
Pasta Recipes,5.0,Kale Pesto Pasta,6.84,1.14,0,30,3
Pasta Recipes,4.75,One Pot Creamy Cajun Chicken Pasta,9.41,2.35,0,30,56
Pasta Recipes,4.8,Italian Orzo Salad,8.77,2.19,0,25,5
Slow Cooker Recipes,4.88,Slow Cooker Ham and Bean Soup,6.56,0.82,4,10,16
Slow Cooker Recipes,4.37,Coffee Rubbed Pork Roast,7.2,1.2,8,10,11
Pasta Recipes,4.83,One Pot American Goulash,10.96,1.83,1,10,28
Slow Cooker Recipes,5.0,Shredded Taco Beef,12.48,1.04,8,10,1
Pasta Recipes,4.92,Cajun Cabbage and Noodles,5.51,1.38,0,30,12
Slow Cooker Recipes,4.89,Slow Cooker BBQ Ribs,10.98,1.83,8,10,9
Slow Cooker Recipes,4.5,Slow Cooker Chicken,$7.16 recipe,$7.16 recipe,4,15,6
Slow Cooker Recipes,4.86,slow cooker jerk chicken,8.74,2.19,4,25,14
Pasta Recipes,4.5,"""Sweep the Kitchen"" Pasta Salad",5.45,1.82,0,20,2
Slow Cooker Recipes,4.35,Slow Cooker Potato Soup,5.87,0.73,8,20,29
Slow Cooker Recipes,4.67,bbq beef stuffed potatoes,4.77,2.39,1,10,3
Slow Cooker Recipes,4.8,Slow Cooker Chicken & Dumplings,5.87,0.98,4,50,67
Slow Cooker Recipes,4.83,Sausage and Kale Cassoulet,5.81,1.45,12,0,17
Pasta Recipes,4.85,Chipotle Pumpkin Pasta,3.34,0.84,0,30,13
Slow Cooker Recipes,4.67,multi-purpose shredded beef,18.21,2.6,6,5,6
Slow Cooker Recipes,4.57,Sweet Chili Chicken Bowls,7.27,1.21,4,10,16
Slow Cooker Recipes,4.36,Slow Cooker Apple Pumpkin Pudding,8.03,1.0,3,0,14
Slow Cooker Recipes,4.8,Slow Cooker White Chicken Chili,11.59,2.89,4,15,68
Slow Cooker Recipes,4.3,Slow Cooker White Bean Soup,4.78,0.8,8,15,118
Slow Cooker Recipes,4.17,Slow Cooker Italian Chicken and Peppers,7.7,1.28,4,10,37
Slow Cooker Recipes,4.78,Slow Cooker 5 Spice Chicken,9.39,0.94,4,15,18
Slow Cooker Recipes,5.0,Saucy Southwest Shredded Beef,15.22,1.27,4,15,11
Slow Cooker Recipes,5.0,Chili Rubbed Pulled Pork,4.51,0.75,4,10,17
Slow Cooker Recipes,4.18,Slow Cooker Jambalaya,10.52,1.32,4,45,68
Slow Cooker Recipes,4.72,Slow Cooker Chicken Ropa Vieja,7.89,1.32,4,15,39
Slow Cooker Recipes,4.8,(Not) Refried Beans,2.51,0.28,5,15,50
Slow Cooker Recipes,4.38,Slow Cooker Mashed Potatoes,2.04,0.34,4,10,24
Slow Cooker Recipes,,,,,0,0,0
Slow Cooker Recipes,4.73,Slow Cooker Black Bean Soup,4.81,0.8,6,15,97
Slow Cooker Recipes,4.7,Slow Cooker Sesame Beef,10.27,1.71,5,35,20
Slow Cooker Recipes,4.5,Sunday Slow Cooker Beef Ragù,12.16,1.01,8,15,8
Slow Cooker Recipes,4.69,Slow Cooker Carnitas,7.8,0.98,5,30,29
Slow Cooker Recipes,4.88,Slow Cooker Chicken Tortilla Soup,9.79,1.63,4,10,25
Slow Cooker Recipes,4.91,Slow Cooker Hot Buttered Apples,5.1,0.85,3,15,11
Slow Cooker Recipes,4.6,Honey Hoisin Garlic Chicken,7.97,1.99,4,15,10
Slow Cooker Recipes,4.74,Slow Cooker Pineapple Teriyaki Chicken,8.13,1.63,4,15,19
Slow Cooker Recipes,5.0,Slow Cooker 5 Spice Pulled Pork,6.99,0.87,5,45,14
Slow Cooker Recipes,4.93,Slow Cooker Vegetarian Lentil Chili,4.64,0.77,4,10,40
Top Recipes,5.0,No-Knead Bread,$0.33 recipe,$0.33 recipe,18,45,18
Slow Cooker Recipes,4.92,Giant Slow Cooker Meatballs,8.0,2.0,3,10,12
Top Recipes,4.87,Mexican Red Lentil Stew,9.34,1.33,0,50,65
Slow Cooker Recipes,4.3,Slow Cooker Chicken Tikka Masala,8.82,2.21,3,30,61
Top Recipes,4.7,Glazed Pork Chops,6.87,1.72,0,25,183
Top Recipes,4.93,Chicken and Lime Soup,6.39,1.07,1,25,119
Slow Cooker Recipes,4.89,Slow Cooker Salsa Chicken Verde Bowls,11.24,2.81,4,15,17
Top Recipes,4.94,Easy Oven Fajitas,8.67,2.17,0,55,208
Top Recipes,4.56,Greek Marinated Chicken,8.97,1.12,1,45,153
Top Recipes,4.9,Hearty Black Bean Quesadillas,6.61,0.66,0,15,125
Top Recipes,4.9,Chunky Lentil and Vegetable Soup,5.24,0.52,0,45,128
Top Recipes,4.8,Oven Roasted Chicken Legs,4.46,2.23,1,40,58
Top Recipes,4.83,Slow Cooker Rosemary Garlic Beef Stew,14.08,1.41,4,30,141
Top Recipes,4.68,Balsamic Chicken Thighs,4.17,1.04,1,0,40
Top Recipes,,,,,0,0,0
Top Recipes,4.86,Taco Chicken Bowls,10.31,1.72,8,10,155
Top Recipes,4.75,Summer Vegetable Tian,5.11,0.85,1,0,113
Top Recipes,5.0,Sesame Noodles with Wilted Greens,5.0,1.25,0,30,20
Top Recipes,4.82,Homemade Naan Bread,1.73,0.22,1,55,174
Top Recipes,4.88,Herb Roasted Chicken Breast,7.69,1.92,2,15,33
Top Recipes,4.84,Pasta with 5 Ingredient Butter Tomato Sauce,4.23,1.06,0,50,36
Top Recipes,4.73,Slow Cooker Coconut Curry Lentils,9.86,0.99,4,30,91
Top Recipes,4.89,Roasted Cauliflower Salad with Lemon Tahini Dressing,6.99,1.75,0,50,109
Top Recipes,4.83,One Pan Roasted Kielbasa and Cabbage Dinner,5.71,1.42,0,50,45
Top Recipes,4.7,Thai Curry Vegetable Soup,6.1,1.53,0,30,230
Top Recipes,4.93,Super Fresh Cucumber Salad,7.3,1.22,0,20,27
Top Recipes,4.82,Spinach Mushroom and Feta Crustless Quiche,6.19,1.03,1,0,141
Appetizers,5.0,Easy Pineapple Salsa,1.55,0.26,0,10,1
Top Recipes,4.81,Chorizo and Sweet Potato Enchiladas,8.93,2.23,1,0,47
Appetizers,4.58,Best Ever Avocado Dip,4.94,0.82,0,15,7
Top Recipes,5.0,Chicken Piccata,7.27,1.45,0,45,13
Top Recipes,4.54,Easy Sesame Chicken,5.74,1.44,0,25,334
Top Recipes,4.86,One Pot Sausage and Sun Dried Tomato Pasta,5.58,1.4,0,30,48
Appetizers,4.93,Nacho Taters,$6.84 serving / $1.71 serving,$6.84 serving / $1.71 serving,1,15,13
Top Recipes,4.84,Beef and Cabbage Stir Fry,7.14,1.79,0,30,236
Appetizers,4.87,Mini Garden Turkey Loaves,9.44,1.57,1,0,61
Appetizers,4.7,Smoky Garlic Oven Fries,2.84,0.71,1,0,10
Appetizers,4.72,Sriracha Hummus,2.37,0.47,0,10,7
Appetizers,5.0,Green Chile Breakfast Quesadillas,4.2,1.05,0,20,16
Appetizers,4.67,Parmesan Garlic Pretzel Bites,1.71,0.11,2,47,12
Appetizers,4.67,Caramelized Onion and Artichoke Flatbread,4.95,1.65,1,20,6
Appetizers,4.31,5 Minute Nacho Cheese Sauce,2.83,0.47,0,5,123
Appetizers,4.8,Thick Cut Garlic Parmesan Oven Fries,0.87,0.87,0,40,10
Appetizers,5.0,Pesto Hummus,4.03,0.5,0,10,3
Appetizers,4.87,Thai Cucumber Salad,2.84,0.47,0,15,61
Appetizers,5.0,Dilly Vegetable Dip,0.66,0.17,0,5,1
Appetizers,4.46,Smoky Parmesan Roasted Cauliflower,3.36,0.84,1,0,11
Appetizers,4.67,Sriracha Deviled Eggs,1.56,0.26,0,40,21
Appetizers,4.75,Cheesy Scallion Stuffed Jalapeños,5.26,0.66,0,37,4
Appetizers,5.0,Roasted Apple Cranberry Relish,$5.79 recipe / $1.45 per half cup,$5.79 recipe / $1.45 per half cup,1,5,7
Appetizers,5.0,Chili Lime Cantaloupe,1.35,0.34,0,20,3
Appetizers,5.0,Tomato and Corn Relish,3.46,0.58,0,15,6
Appetizers,4.58,Double Spinach Artichoke Dip,9.16,1.45,1,0,7
Appetizers,4.84,Scallion Herb Cream Cheese Spread,1.58,0.2,0,0,6
Appetizers,4.96,Homemade Hummus,2.24,0.37,0,5,22
Appetizers,4.89,Pesto Pizza Rolls,$3.99 recipe / $0.50 per roll,$3.99 recipe / $0.50 per roll,2,30,17
Appetizers,4.76,Creamy Black Bean Taquitos,4.83,0.32,0,30,53
Appetizers,5.0,Raspberry Balsamic Baked Chicken Wings,6.8,2.27,1,0,10
Appetizers,4.8,Salt & Vinegar Roasted Potatoes with Smoky Garlic Mayo,4.29,1.07,1,0,15
Appetizers,4.67,Coconut Curry Hummus,4.74,0.59,0,0,3
Appetizers,4.91,Spicy Chorizo Cheese Dip,6.39,1.07,0,20,10
Appetizers,4.94,Baked Tortilla Chips,0.39,0.2,0,20,15
Appetizers,4.79,Creamy White Bean and Spinach Quesadillas,,,0,20,14
Appetizers,4.91,Cowboy Caviar,5.8,0.58,0,15,30
Pasta Recipes,4.74,Creamy Spinach & Sausage Pasta,5.91,1.48,0,30,75
Pasta Recipes,4.7,zesty tomato & artichoke pasta,5.14,1.29,0,25,13
Appetizers,4.86,Homemade Freezer Garlic Bread,$3.02 recipe / $0.25 slice,$3.02 recipe / $0.25 slice,0,30,21
Appetizers,5.0,Sriracha Nooch Popcorn,0.43,0.22,0,10,4
Pasta Recipes,4.84,Lemony Cucumber Couscous Salad,5.37,0.9,0,20,42
Pasta Recipes,4.76,Italian Wonderpot,6.24,1.04,0,25,229
Pasta Recipes,4.73,Teriyaki Noodle Bowls,6.41,1.6,0,25,33
Pasta Recipes,4.74,Sausage & Pepper Pasta,10.75,1.34,0,45,26
Pasta Recipes,5.0,Simple portobella pasta,4.94,1.24,0,45,2
Pasta Recipes,4.93,Carrot & Orzo Salad,$4.07 reicpe / $1.02 serving,$4.07 reicpe / $1.02 serving,0,50,14
Pasta Recipes,4.85,Creamy Tomato and Spinach Pasta,3.72,0.93,0,25,296
Appetizers,4.85,Turkey and Stuffing Meatballs,$4.70 recipe / $0.24 per meatball,$4.70 recipe / $0.24 per meatball,0,40,19
Pasta Recipes,4.85,Creamy Pesto Pasta with Chicken & Broccoli,5.1,1.25,0,25,53
Pasta Recipes,4.66,Spicy Shrimp Tomato Pasta,6.24,1.56,0,25,50
Pasta Recipes,4.55,Chicken Arrabbiata,7.82,1.3,0,50,20
Pasta Recipes,4.8,Jalapeño Popper Mac & Cheese,6.98,1.16,0,25,5
Pasta Recipes,4.89,Cajun Chicken Pasta,7.15,1.19,0,40,43
Pasta Recipes,4.79,Beef Taco Pasta,10.33,1.72,0,30,37
Pasta Recipes,4.61,One Pot Beef and Mushroom Stroganoff,7.2,1.8,0,30,125
Pasta Recipes,4.17,Spinach & Artichoke Wonderpot,8.05,1.34,0,25,87
Pasta Recipes,4.75,One Pot Chili Pasta,9.71,1.08,0,40,70
Pasta Recipes,4.62,Vegetable Alfredo Pasta Bake,$9.09 receipe / $1.13 serving,$9.09 receipe / $1.13 serving,1,15,13
Pasta Recipes,4.7,Penne Pasta with Sausage and Greens,9.23,1.32,0,50,20
Pasta Recipes,4.89,SNAP Challenge: Vegetable Stir Fry with Noodles,4.46,0.74,0,25,34
Pasta Recipes,4.58,Pasta with Eggplant Sauce,6.27,1.05,0,50,7
Pasta Recipes,4.73,Roasted Vegetable Baked Ziti,11.93,1.99,1,20,22
Pasta Recipes,4.68,One Pot Sausage & Mushroom Pasta,9.23,1.15,0,35,40
Pasta Recipes,5.0,Creamy Tortellini with Vegetables,8.35,2.09,0,45,32
Pasta Recipes,4.97,Pastalaya,7.51,1.24,0,45,26
Pasta Recipes,4.5,Artichoke Chicken Skillet,9.84,1.64,0,40,24
Pasta Recipes,4.39,Pasta with Creamy Pumpkin Sauce,2.2,1.1,0,20,42
Pasta Recipes,4.15,Easy Spinach Ricotta Pasta,3.16,0.79,0,30,49
Pasta Recipes,5.0,Three Pepper Pasta with Crispy Pepperoni,8.41,1.4,0,40,11
Pasta Recipes,4.84,One Pot Roasted Red Pepper Pasta,7.54,1.26,0,30,49
Pasta Recipes,4.88,Zucchini Sausage Ravioli,11.32,2.83,0,35,8
Pasta Recipes,4.87,Lemon Pepper Chicken with Orzo,5.34,1.34,0,40,67
Pasta Recipes,4.84,Bowties and Broccoli,3.46,0.58,0,15,31
Pasta Recipes,4.8,Parmesan & Pepper Kale Pasta,5.93,1.48,0,35,15
Pasta Recipes,4.96,Garden Vegetable Lasagna Roll Ups,11.7,1.95,1,10,22
Pasta Recipes,4.8,Pasta Salad with Sausage and Arugula,10.32,1.72,0,35,5
Pasta Recipes,4.48,Parmesan Portobello Orzo,5.22,0.87,0,30,23
Pasta Recipes,4.75,Cheesy Gnocchi Skillet,6.68,1.67,0,25,16
Pasta Recipes,4.38,20 Minute Creamy Spinach Artichoke Pasta,5.17,1.29,0,20,27
Pasta Recipes,4.85,Spaghetti with Vegetable and Meat Sauce,7.61,1.9,0,45,20
Pasta Recipes,4.75,Creamy Vegetarian Enchilada Pasta,6.68,1.67,0,30,35
Pasta Recipes,5.0,Skillet Meatballs and Marinara,7.98,1.33,0,45,21
Pasta Recipes,4.89,Parsley Pesto Pasta with Blistered Tomatoes,10.2,2.04,0,30,9
Pasta Recipes,4.71,One Pot Creamy Sun Dried Tomato Pasta,2.86,0.72,0,30,47
Pasta Recipes,4.74,Bacon and Spinach Pasta with Parmesan,5.23,1.31,0,30,82
Pasta Recipes,4.7,Cheesy Vegetarian Chili Mac,8.9,1.11,0,35,97
Pasta Recipes,4.5,Homemade Marinara,3.79,0.29,1,40,6
Pasta Recipes,4.92,Tuscan White Bean Pasta,6.45,1.61,0,30,24
Pasta Recipes,5.0,Pasta Puttanesca,7.14,0.84,0,25,3
Pasta Recipes,,Veggie Pasta Bake,9.62,1.2,1,0,0
Gluten free,4.46,Coconut Vegetable Curry,5.8,1.45,0,30,48
Gluten free,4.72,S'mores Macarons,5.42,0.27,2,30,7
Gluten free,5.0,Easy Pumpkin Soup,4.29,1.07,0,20,3
Gluten free,5.0,Tomato Herb Soup,2.99,0.5,0,25,26
Gluten free,5.0,Pear Ginger Steel Cut Oats,2.89,0.58,0,35,1
Gluten free,4.87,Vegetarian 15 Bean Soup,5.69,0.71,10,0,43
Pasta Recipes,4.73,Tuna Pasta Salad with Peas,3.82,0.64,0,20,11
Gluten free,5.0,Strawberry Rosé Slush,$2.76 recipe,$2.76 recipe,0,5,6
Main Dish,4.47,Creamed Spinach Baked Eggs,4.97,1.24,0,40,15
Gluten free,5.0,Garlic Herb Baked Chicken Breast,$5.61 recipe / $2.81 per breast,$5.61 recipe / $2.81 per breast,0,30,11
Main Dish,4.79,Vegetarian Shepherd's Pie,5.87,0.98,0,55,65
Main Dish,4.77,Chili Cornbread Skillet,8.21,1.03,1,0,38
Main Dish,4.9,Black Bean and Avocado Enchiladas,7.23,1.45,0,50,88
Main Dish,4.84,Vegetable Enchilada Casserole,6.1,1.02,1,10,31
Main Dish,4.91,Spinach and Feta Turkey Meatballs,7.83,1.96,0,30,22
Main Dish,4.86,Sesame Glazed Salmon and Green Beans,9.23,3.08,0,30,14
Main Dish,4.94,Sausage and Tortelloni Soup,6.02,1.0,0,35,29
Main Dish,4.84,Roasted Bratwurst with Peppers and Onions,9.11,1.82,1,0,12
Main Dish,4.79,Cheddar Cheeseburger Meatloaf,7.31,1.83,1,5,14
Main Dish,4.85,Vegan Winter Lentil Stew,5.08,0.64,1,0,93
Main Dish,4.2,Instant Pot Pinto Beans with Chorizo,7.92,1.32,1,15,15
Main Dish,4.87,Make Ahead Bean and Cheese Burritos,$6.93 recipe / $0.87 per burrito,$6.93 recipe / $0.87 per burrito,0,50,15
Main Dish,4.7,Vegetable Pot Pie Skillet with Cheddar Biscuit Topping,4.91,0.82,0,55,59
Main Dish,4.98,Skillet Pineapple BBQ Chicken,9.12,1.52,0,30,36
Main Dish,4.75,Vegetable Pot Pie,6.5,0.72,0,55,8
Main Dish,4.88,Quinoa Black Bean Tacos,7.71,0.96,0,30,8
Main Dish,4.93,Sweet Potato Tacos with Lime Crema,5.14,1.29,0,40,26
Main Dish,4.91,Soy Marinated Tofu Bowls with Spicy Peanut Sauce,7.19,1.8,1,20,30
Main Dish,4.95,Roasted Vegetable Burritos,14.18,1.42,1,25,18
Main Dish,4.86,Eggplant Parmesan Pasta,5.81,0.97,2,10,7
Main Dish,4.79,Spicy Cashew Crunch Stir Fry,9.1,2.28,0,25,19
Main Dish,4.79,Spinach Pie,7.29,0.91,1,0,23
Main Dish,4.78,Vegetable Tamale Pie,8.05,1.0,0,55,9
Main Dish,4.7,Garlic Marinated Chicken,3.37,0.84,1,0,13
Main Dish,4.95,Sheet Pan BBQ Meatloaf Dinner,6.27,3.14,0,45,37
Main Dish,5.0,Spicy Coconut Vegetable Stir Fry,5.93,1.48,0,25,31
Main Dish,4.89,Hoisin Tofu Lettuce Cups,6.12,1.53,0,55,9
Main Dish,4.88,Kale Swiss and Mushroom Strata,$9.26 recipe / #1.54 serving,$9.26 recipe / #1.54 serving,9,15,8
Main Dish,4.56,Loaded Mashed Potato Bowls,6.73,1.68,0,0,18
Main Dish,4.85,Chicken and Dumplings with Vegetables,10.04,1.26,1,25,19
Main Dish,4.7,Enchilada Bubble Up Casserole,5.29,1.32,1,55,10
Main Dish,4.5,BBQ Beef and Cabbage,,,0,30,10
Main Dish,4.6,Ground Turkey Stir Fry,$7.41 recipe $1.48 recipe,$7.41 recipe $1.48 recipe,0,25,5
Main Dish,4.7,Sesame Tempeh Bowls,6.74,1.69,0,20,10
Main Dish,4.94,Gochujang Mushroom Bowls,7.02,1.76,0,30,15
Main Dish,4.94,Creamy Spinach Artichoke Chicken,11.53,2.88,0,30,15
Main Dish,4.78,Balsamic Roasted Mushrooms with Herby Kale Mashed Potatoes,7.17,1.79,1,10,27
Main Dish,,Marinated Portobello Mushroom Burgers,5.68,2.84,0,50,0
Main Dish,4.59,Rice Cooker Teriyaki Shrimp and Rice,6.28,1.57,0,40,12
Main Dish,4.86,Pineapple Sriracha Breakfast Bowls,,,0,10,14
Main Dish,5.0,Cheesy Cottage Pie,6.59,1.1,1,20,10
Main Dish,4.93,Weeknight Enchiladas,6.7,0.84,0,55,40
Main Dish,5.0,Tempeh Burrito Bowls,7.27,1.82,0,35,1
Main Dish,4.75,Pan Fried Sesame Tofu with Broccoli,5.52,1.84,1,0,113
Main Dish,4.88,30 minute Posole,6.55,1.09,0,30,49
Main Dish,5.0,Banana Nut Breakfast Farro,$1.03 / recipe,$1.03 / recipe,0,8,7
Main Dish,4.82,Turkey Chili Smothered Sweet Potatoes,8.15,2.03,1,10,11
Main Dish,4.95,Garden Vegetable Lasagna Soup,9.92,1.65,0,45,17
Main Dish,4.61,Stir Fry Beef Noodles,7.93,1.98,0,30,23
Main Dish,4.62,Kale Chicken and Gnocchi Soup,7.73,1.28,0,30,18
Main Dish,4.47,Smoked Sausage Skillet with Peppers and Farro,7.3,1.83,0,25,13
Main Dish,4.75,Instant Pot Congee (Jook),7.05,1.18,1,10,39
Main Dish,4.69,Broccoli Cheddar Baked Potatoes,6.72,1.68,1,10,19
Main Dish,4.97,Sushi Bowls with Sriracha Mayo,8.97,2.24,0,45,29
Main Dish,4.91,BBQ Chicken Burrito Bowls,7.1,1.78,0,20,11
Main Dish,4.84,Mango Coconut Tofu Bowls,8.21,2.05,1,0,49
Gluten free,4.5,Quick Seasoned Black Beans,1.33,0.33,0,15,4
Main Dish,4.94,Chipotle Portobello Oven Fajitas,10.74,2.69,0,55,15
Gluten free,4.91,Jerk Chicken with Pineapple Black Bean Salsa,10.01,2.5,0,45,11
Gluten free,5.0,Spiced Chickpea Tostadas,5.38,0.9,0,20,12
Main Dish,4.88,Sticky Ginger Soy Glazed Chicken,$8.08 recipe / $1.01 per thigh,$8.08 recipe / $1.01 per thigh,1,0,77
Gluten free,4.34,Cobb Salad Meal Prep,10.07,2.52,1,0,3
Gluten free,4.83,Homemade Chili Seasoning,,,0,5,52
Gluten free,4.79,Homemade Taco Seasoning,$0.67 per batch,$0.67 per batch,0,5,19
Gluten free,4.81,20 Minute Honey Mustard Chicken,5.28,1.32,0,20,21
Main Dish,4.95,Hoisin Stir Fry Bowls with Spicy Peanut Sauce,9.69,2.42,0,30,54
Main Dish,4.92,Italian Sausage Stuffed Zucchini,$6.98 recipe / $0.87 per piece,$6.98 recipe / $0.87 per piece,0,55,23
Gluten free,4.81,Zuppa Toscana,7.51,0.94,0,45,86
Gluten free,4.87,Basic Chili,9.28,1.55,0,50,67
Gluten free,4.93,Creamy Salsa Chicken Skillet,8.55,2.14,0,30,27
Gluten free,4.86,Sheet Pan Pesto Chicken Dinner,11.99,3.0,0,55,7
Gluten free,5.0,Easy Sweet Chili Sauce,$0.70 per cup,$0.70 per cup,0,15,6
Gluten free,4.96,Cheesy Cauliflower and Potato Soup,6.37,2.12,1,0,24
Gluten free,5.0,Rice Cooker Chili,4.26,1.42,0,40,2
Gluten free,4.67,Homemade Cajun Seasoning,$0.57 per batch,$0.57 per batch,0,5,3
Gluten free,5.0,Cider Roasted Turkey Breast,$17.48 recipe,$17.48 recipe,1,45,5
Gluten free,4.8,Autumn Quinoa Salad with Lemon Turmeric Dressing,4.92,2.46,0,30,5
Gluten free,5.0,Sweet Chili Chicken Stir Fry Bowls,10.2,2.55,0,30,4
Gluten free,4.55,"Sun Dried Tomato, Kale, and White Bean Skillet",5.58,1.4,0,20,11
Gluten free,5.0,Sheet Pan Chicken and Vegetables,13.3,3.33,0,50,11
Gluten free,4.91,Mediterranean Hummus Bowls,9.93,2.48,0,25,11
Gluten free,4.92,Sweet and Spicy Glazed Chicken Thighs,4.83,1.21,0,25,25
Gluten free,4.49,Sweet and Spicy Tempeh Bowls,5.91,1.48,0,30,27
Gluten free,4.86,Coconut Turmeric Chicken Soup,8.53,1.42,0,50,27
Gluten free,4.93,Roasted Brussels Sprout Bowls,,,0,55,13
Gluten free,4.86,Loaded Sweet Potatoes with Lime Crema,5.57,1.39,0,45,14
Gluten free,5.0,Vegetable Breakfast Scrambles,$2.19 each,$2.19 each,0,10,3
Gluten free,4.72,Easy Oven Baked Fish with Tomatoes,6.61,1.65,0,25,7
Gluten free,4.86,Salsa Chicken Meal Prep Bowls,11.78,2.95,1,0,7
Main Dish,4.78,Savory Cabbage Pancakes (Okonomiyaki),3.69,0.62,0,40,54
Main Dish,4.97,Chili Garlic Tofu Bowls,5.72,1.43,1,0,31
Main Dish,3.81,Singapore Noodles with Crispy Tofu,7.98,1.33,0,45,36
Main Dish,4.71,Bibimbap - The Ultimate Bowl Meal,10.66,2.67,0,35,48
Gluten free,4.85,Vegan West African Peanut Stew,6.38,1.06,0,55,106
Gluten free,4.67,Spicy Tuna Guacamole Bowls,8.05,2.01,0,15,27
Gluten free,5.0,Easy Cilantro Lime Chicken,6.67,1.11,0,55,1
Main Dish,4.73,Simple Mushroom Broccoli Stir Fry Noodles,6.22,1.56,0,25,36
Gluten free,4.87,Cauliflower and Chickpea Masala,4.1,1.03,0,40,51
Main Dish,4.57,Sheet Pan Sweet and Sour Chicken,9.93,1.66,1,0,32
Main Dish,4.67,Ultimate BBQ Chicken Quesadillas,7.26,1.45,0,25,18
Main Dish,4.89,Homemade Chicken Noodle Soup,10.44,1.31,1,45,99
Main Dish,4.91,Cheesy Chicken Vegetable and Rice Casserole,6.74,1.12,1,10,31
Gluten free,4.56,Mango Coconut Chia Pudding,4.79,1.2,8,0,18
Gluten free,4.71,Chimichurri Chicken and Rice,5.25,1.34,0,55,17
Main Dish,4.71,Instant Pot Beef Stew,11.91,1.99,1,15,117
Main Dish,4.55,Creamy Garlic Mushroom Chicken,7.77,1.94,0,35,44
Gluten free,4.8,Baked Chimichurri Fish Bowls,16.24,4.06,0,45,10
Main Dish,4.75,Cheeseburger Salad with Animal Sauce Dressing,10.74,2.69,0,35,4
Gluten free,4.88,Greek Turkey and Rice Skillet,9.96,2.49,0,35,33
Gluten free,3.34,Homemade Salted Caramel Iced Coffee,,,0,25,3
Gluten free,4.98,Blackened Shrimp Tacos,$7.93 recipe / $1.32 per taco,$7.93 recipe / $1.32 per taco,0,40,38
Gluten free,4.5,Coconut Crusted Tofu with Sweet Chili Dipping Sauce,5.94,1.49,1,5,4
Gluten free,4.8,Kielbasa and Cabbage Skillet,5.48,1.37,0,40,39
Gluten free,4.89,Coconut Jerk Peas with Pineapple Salsa,7.8,1.95,0,30,17
Gluten free,4.97,Smoky Potato Chickpea Stew,5.74,0.96,1,10,58
Gluten free,4.5,Moroccan Spiced Sweet Potatoes,1.96,0.49,0,40,8
Gluten free,4.85,Slow Simmered Black Eye Peas and Greens,6.96,1.39,10,0,26
Gluten free,4.93,Golden Chai,,,0,25,13
Gluten free,4.85,"""All You Can Eat"" Cabbage Soup",7.89,0.99,0,55,86
Gluten free,5.0,Green Chile Migas,4.71,1.18,0,35,4
Gluten free,4.8,Herb Butter Chicken Thighs,5.88,1.18,0,30,30
Gluten free,4.89,Beef and Cabbage Soup,9.63,1.61,1,0,26
Gluten free,,Roasted Potato Wedges with Shawarma Sauce,3.94,0.99,0,50,0
Gluten free,5.0,Ratatouille Frittata,7.32,0.92,1,35,4
Gluten free,4.7,Easiest Burrito Bowl Meal Prep,9.05,2.26,0,30,13
Gluten free,4.89,Roasted Eggplant with Meat Sauce,,,1,10,17
Gluten free,4.65,Chorizo Stuffed Bell Peppers,8.15,1.36,1,5,14
Gluten free,4.77,Italian Sausage and White Bean Skillet,6.26,1.57,0,25,42
Gluten free,4.78,Curried Chickpeas with Spinach,4.68,1.17,0,25,120
Gluten free,4.95,Roasted Corn & Zucchini Tacos,8.41,1.4,0,40,19
Gluten free,4.87,Smoky Chicken and Cinnamon Roasted Sweet Potato Meal Prep,9.43,2.36,1,10,15
Gluten free,4.67,Make Ahead Microwave Breakfast Scrambles,3.93,0.98,0,11,15
Gluten free,5.0,Bacon Broccoli Cheddar Crustless Quiche,$6.31 recipe / $0.79 per slice,$6.31 recipe / $0.79 per slice,1,15,16
Gluten free,4.85,Thai Coconut Curry Carrot Soup,6.69,1.12,0,55,33
Gluten free,4.84,"""Everything"" White Bean Dip",3.28,0.66,0,15,6
Gluten free,5.0,Southwest Spiced Corn,3.21,0.8,0,45,3
Gluten free,4.67,Portobello Polenta Bowls,5.78,1.45,0,25,15
Gluten free,,,,,0,0,0
Gluten free,4.8,Oven Roasted Ratatouille,8.24,2.06,1,5,30
Gluten free,4.8,Baked Eggs with Spinach and Tomatoes,3.4,0.85,0,30,29
Gluten free,4.91,Spinach Rice Breakfast Bowls,0.64,0.64,0,11,31
Gluten free,3.67,Crunchy Cranberry Sauce,4.6,0.58,2,30,3
Gluten free,4.85,Vegan Red Beans and Rice,7.4,1.23,3,0,66
Gluten free,4.77,Zucchini and Corn Frittata,4.75,0.79,0,55,17
Gluten free,5.0,Seasoned Rice,1.36,0.22,0,55,11
Gluten free,5.0,SNAP Challenge: Peanut Butter Hummus,2.24,0.45,0,5,2
Gluten free,4.94,Beef Kofta Meatballs with Roasted Vegetables,10.99,2.75,0,55,30
Gluten free,4.85,Moroccan Lentil and Vegetable Stew,6.02,0.75,0,50,90
Gluten free,,Baba Ganoush,3.07,0.77,0,55,0
Gluten free,4.91,Chili Roasted Potatoes,2.9,0.48,0,50,11
Gluten free,4.91,Cilantro Lime Rice,1.99,0.33,0,40,10
Gluten free,4.36,Mujaddara,3.45,0.58,1,50,65
Gluten free,4.79,Smoky Roasted Sweet Potatoes,3.04,0.51,1,0,23
Gluten free,5.0,Thai Peanut Sauce,1.75,0.22,0,15,9
Gluten free,5.0,Rice Pudding,2.74,0.69,0,50,2
Gluten free,4.2,Rice Pancakes,0.42,0.21,0,15,5
Gluten free,,Summer Gazpacho,5.14,0.86,0,50,0
Gluten free,,Chipotle Mashed Sweet Potatoes,2.12,0.35,0,25,0
Gluten free,5.0,Red Wine Cranberry Sauce,4.35,0.73,0,35,3
Gluten free,4.76,Curried Lentils,3.48,0.87,0,45,54
Gluten free,4.81,Quick Curried Chick Peas,3.16,0.53,0,30,26
Gluten free,4.88,Chai Concentrate,2.73,1.0,0,20,8
Gluten free,4.72,Lemon Garlic Roasted Asparagus,3.21,1.07,0,30,7
Gluten free,,Chipotle Peach Salsa,2.67,0.45,0,30,0
Gluten free,5.0,Huevos Rancheros,6.44,1.07,0,25,3
Gluten free,,Pico de Gallo,1.91,0.32,0,10,0
Gluten free,5.0,Pumpkin Smoothie,1.27,1.27,0,5,6
Gluten free,,Fire Roasted Salsa,6.26,0.7,0,50,0
Gluten free,5.0,Tzatziki (Greek Yogurt Sauce),2.25,0.38,0,10,5
Gluten free,5.0,Kale Salad with Cajun Spiced Chickpeas and Buttermilk Dressing,3.93,0.98,0,25,7
Gluten free,4.82,Chimichurri: The Good on Anything and Everything Sauce,$2.20 recipe,$2.20 recipe,0,10,11
Gluten free,4.72,Yellow Jasmine Rice,2.01,0.34,0,45,115
Gluten free,4.63,Purple Power Bowls,13.85,2.77,0,30,8
Gluten free,4.94,Baked Beef and Black Bean Tacos,8.2,1.75,0,35,31
Gluten free,5.0,Oven Roasted Corn with Honey Chili Butter,1.7,0.43,0,40,4
Gluten free,4.62,Homemade Pineapple Orange Julius,$1.37 recipe,$1.37 recipe,0,5,13
Gluten free,4.7,Spicy Coconut and Pumpkin Soup,6.98,1.16,0,30,10
Gluten free,4.5,Spicy Pickled Carrots,2.9,0.36,0,15,2
Gluten free,4.82,Cheddar Grits Breakfast Bowls,4.44,1.11,0,30,16
Gluten free,4.93,Marinated Lentil Salad,6.56,1.09,0,30,41
Gluten free,4.93,Garden Vegetable Quinoa Soup,6.87,0.86,0,50,39
Gluten free,4.86,Pressure Cooker Split Pea Soup,3.97,0.66,0,55,35
Gluten free,4.84,Ultimate Southwest Scrambled Eggs,6.12,1.53,0,25,12
Gluten free,4.19,Harissa Roasted Vegetables,5.79,0.97,0,55,11
Gluten free,4.89,Seafood Rice Skillet,8.7,1.45,0,50,17
Gluten free,4.52,Tomato Herb Rice with White Beans and Spinach,5.14,0.86,0,55,25
Gluten free,4.84,Grape Feta and Bacon Salad with Creamy Dijon Dressing,6.66,1.67,0,25,6
Gluten free,4.6,No-Churn Mint Chocolate Chip Ice Cream,5.38,0.9,8,30,10
Gluten free,4.75,Beef Burrito Casserole,8.1,1.35,0,50,35
Gluten free,4.88,Chicken and Cranberry Salad with Lemon Poppy Seed Dressing,5.25,1.31,0,30,16
Gluten free,4.64,Warm Brussels Sprouts and Pear Salad with Dijon Vinaigrette,4.61,1.15,0,15,19
Gluten free,5.0,Cumin Lime Roasted Sweet Potatoes,3.01,0.75,0,50,5
Gluten free,4.5,Maple Brown Butter Mashed Sweet Potatoes,5.71,0.95,0,35,8
Gluten free,4.6,Southwest Spaghetti Squash Bowls,7.0,1.75,0,17,10
Gluten free,5.0,Simple Homemade Cranberry Sauce,2.42,0.4,0,20,2
Gluten free,4.93,Hummus Breakfast Bowls,1.01,1.01,0,11,13
Gluten free,4.7,Creamy Roasted Red Pepper Sauce,$6.02,$6.02,0,25,10
Gluten free,4.85,Roasted Sweet Potato Rainbow Salad with Lime Crema,7.93,1.32,0,50,39
Gluten free,4.5,Lemon Garlic Roasted Chicken,6.4,1.6,2,10,32
Gluten free,4.65,Blackened Cabbage with Chipotle Mayo,1.09,0.27,0,25,14
Gluten free,4.72,Cumin Rice,1.23,0.21,0,37,7
Gluten free,4.79,Southwest Beef and Cabbage Stir Fry,5.68,1.42,0,25,19
Gluten free,4.7,Chorizo Breakfast Hash,7.43,1.86,0,35,13
Gluten free,4.62,Golden Coconut Lentil Soup,4.27,1.07,0,45,76
Gluten free,4.84,Spinach White Bean Enchiladas with Pepper Jack Sauce,$6.72 recipe / $1.68 (3 enchiladas each),$6.72 recipe / $1.68 (3 enchiladas each),1,5,56
Gluten free,5.0,Spicy Baked Black Bean Nachos,6.36,1.59,0,35,13
Gluten free,4.67,Garlic Parmesan Roasted Cauliflower,3.9,0.65,0,55,3
Gluten free,4.9,Coconut Rice (take 2),2.91,0.49,0,50,28
Gluten free,5.0,Pineapple Ginger Lassi,$0.85 recipe,$0.85 recipe,0,5,4
Gluten free,5.0,Mango Coconut Jasmine Rice,4.79,0.8,0,45,3
Gluten free,5.0,cucumber raita,1.2,0.2,0,15,1
Gluten free,5.0,Honey Balsamic Carrots,2.39,0.6,0,50,4
Gluten free,4.75,Aztec Cocoa,0.34,0.34,0,5,4
Gluten free,4.91,(not) Sun Dried Tomato Sauce,$1.17 recipe,$1.17 recipe,0,10,11
Gluten free,4.13,Pressure Cooker Red Beans,6.7,1.12,1,25,16
Gluten free,5.0,Cumin Lime Chickpeas,3.79,0.63,0,15,5
Gluten free,5.0,Jalapeno Cran-Raspberry Sauce,6.47,0.81,0,50,1
Gluten free,4.91,Vegan Red Lentil Stew,4.28,0.71,0,50,32
Gluten free,4.8,Nature's Candy,2.93,0.73,0,40,10
Gluten free,5.0,sriracha caramel corn,$0.83 recipe,$0.83 recipe,0,35,2
Gluten free,4.74,Candied Almonds,$6.61 recipe,$6.61 recipe,0,40,15
Gluten free,4.67,Coconut Lentils,4.53,0.76,0,30,9
Gluten free,4.7,Lentil Tacos,7.43,0.93,0,50,10
Gluten free,4.81,golden rice bowls,$7.40 reicpe / $1.23 serving,$7.40 reicpe / $1.23 serving,1,0,21
Gluten free,4.91,loaded sweet potatoes,5.04,1.8,1,10,11
Gluten free,4.87,Country Breakfast Bowls (freezable),7.76,1.29,1,20,52
Gluten free,4.79,Smoky Tomato Soup,4.12,1.03,0,30,19
Gluten free,4.82,Green Gazpacho,4.39,1.1,0,15,11
Gluten free,4.55,Curried Potatoes with Poached Eggs,5.39,1.35,0,40,31
Gluten free,4.74,chana saag,6.4,1.07,0,40,34
Gluten free,5.0,Minty Pea Salad,3.94,0.99,0,20,6
Gluten free,5.0,Roasted Poblano Hummus,4.81,0.52,0,45,2
Gluten free,4.7,"""Oatmeal Cookie"" Baked Oatmeal",4.15,0.67,0,55,33
Gluten free,4.75,Apple Nut Quinoa,4.54,1.15,0,35,4
Gluten free,4.22,How to Make Stove Top Popcorn,0.09,0.09,0,5,46
Gluten free,5.0,Lemon Pepper Zucchini,1.98,0.5,0,25,3
Gluten free,4.7,Roasted Red Pepper and Feta Frittata,$5.75 recipe / $1.44 serving (4 servings),$5.75 recipe / $1.44 serving (4 servings),0,45,13
Gluten free,4.84,Poor Man's Burrito Bowls,5.95,0.99,0,25,37
Gluten free,4.84,Garlic Parmesan Polenta,0.93,0.16,0,30,6
Gluten free,4.04,Chana Aloo Masala (Chickpea and Potato Masala),6.87,1.72,0,35,33
Gluten free,4.87,Nam Sod (Thai Pork Salad),10.31,2.58,0,20,23
Gluten free,4.86,Hummus Breakfast Mug,$0.58 / recipe,$0.58 / recipe,0,5,14
Gluten free,4.74,Curried Red Lentil and Pumpkin Soup,5.89,0.98,0,30,50
Gluten free,4.74,How to Make Crispy Hash Browns,1.25,0.31,0,30,15
Gluten free,4.66,Sweet Chili Tofu Bowls,7.15,1.79,0,55,23
Gluten free,4.95,Quickie Faux Phở,5.52,1.38,0,20,17
Gluten free,4.5,Chili Roasted Sweet Potatoes,2.64,0.66,0,55,16
Gluten free,4.82,Warm Corn and Avocado Salad,3.15,0.79,0,17,16
Gluten free,4.67,Tropical Yogurt Parfaits,3.96,0.99,0,15,3
Pasta Recipes,4.78,Singapore Noodles,8.4,1.4,0,45,22
Gluten free,4.81,Smoky White Bean Shakshuka,6.49,1.62,0,30,46
Gluten free,4.75,German Potato Salad,3.86,0.64,0,25,4
Gluten free,4.66,Pressure Cooker Chicken and Rice,12.31,3.08,1,35,38
Pasta Recipes,4.75,Spinach Lasagna Roll Ups,8.01,1.14,1,0,48
Pasta Recipes,4.56,Spinach Artichoke Pasta,9.09,1.52,0,30,9
Gluten free,4.87,Cilantro Lime Chicken Drumsticks,5.25,1.75,1,30,30
Pasta Recipes,4.6,Eggplant Caponata Pasta,11.4,1.43,0,45,5
Pasta Recipes,4.0,Lemon Ricotta Pasta,,,0,20,4
Pasta Recipes,4.2,Tuna and Red Pepper Pasta,4.14,0.69,0,20,5
Pasta Recipes,4.47,Broccoli Shells n' Cheese,4.87,1.22,0,40,15
Pasta Recipes,5.0,Skillet Lasagna,11.73,1.96,0,45,5
Gluten free,4.5,Lemon Butter Green Beans (revisited),1.71,0.43,0,17,2
Pasta Recipes,4.75,Mediterranean Tuna Pasta,,,0,40,4
Pasta Recipes,4.75,Peanut Soba Stir Fry,8.57,1.43,0,25,4
Pasta Recipes,4.43,Creamy Mushroom Pasta w/ Chicken,10.04,1.67,0,40,14
Pasta Recipes,4.75,Pasta e Fagioli,8.12,1.35,0,30,4
Pasta Recipes,4.5,Butternut Squash Pasta Salad,8.46,1.06,0,40,2
Pasta Recipes,5.0,Pesto Shrimp Pasta,11.84,1.97,0,25,2
Pasta Recipes,4.8,Broccoli Fettuccine Alfredo,5.48,0.69,0,30,24
Pasta Recipes,4.79,Summer Vegetable Pasta Salad,7.59,0.95,0,30,19
Pasta Recipes,4.86,Spicy Sausage and Broccoli Pasta,8.37,1.05,0,30,7
Pasta Recipes,4.49,Homemade Chicken Yakisoba,5.63,0.94,0,30,141
Pasta Recipes,5.0,Spinach Artichoke Lasagna,14.17,1.18,1,30,3
Pasta Recipes,3.81,Roasted Garlic Pasta Salad,8.53,1.06,0,30,26
Pasta Recipes,4.25,Miracle Mac and Cheese,,,0,25,70
Pasta Recipes,4.8,Chili Cheese Beef n Mac,7.81,1.3,0,35,64
Pasta Recipes,4.9,Slow Cooker Marinara,5.15,0.4,8,10,29
Pasta Recipes,4.87,Taco Stuffed Shells,14.65,1.47,1,0,15
Pasta Recipes,4.62,Spinach Tortellini Soup,8.48,1.06,0,30,18
Pasta Recipes,,Cajun Pasta Salad,8.93,1.12,0,30,0
Pasta Recipes,4.74,Chicken Enchilada Pasta,5.45,0.91,0,30,15
Pasta Recipes,4.86,Dragon Noodles,2.04,1.04,0,15,242
Pasta Recipes,4.8,Easy Ricotta Gnocchi,,,0,25,15
Pasta Recipes,5.0,Baked Spaghetti with Sausage,9.2,1.15,0,55,11
Pasta Recipes,4.86,Parsley Pesto Pasta,,,0,25,7
Pasta Recipes,5.0,Tangy Tomato Pasta,3.69,0.71,0,20,10
Global,4.95,Sweet Potato Tortilla Soup,4.11,0.69,0,55,40
Global,5.0,Marinated Mushrooms,4.5,1.13,0,20,1
Global,4.96,Sopa de Fideo,4.11,0.69,0,40,24
Vegetarian Recipes,4.67,Swamp Soup,7.93,0.99,0,30,9
Vegetarian Recipes,4.1,Chai Spiced Scones,1.45,0.18,0,30,11
Vegetarian Recipes,4.64,English Muffins,1.04,0.07,2,30,22
Vegetarian Recipes,,Italian Holiday Cookies,2.82,0.19,1,5,0
Vegetarian Recipes,4.6,Lemon Raspberry Baked Oatmeal,6.69,0.84,0,55,5
Vegetarian Recipes,4.67,Lemon Coconut Bars,2.38,0.16,0,45,3
Vegetarian Recipes,,,,,0,0,0
Vegetarian Recipes,,,,,0,0,0
Vegetarian Recipes,4.8,Creamy Garlic Mushroom Soup,4.75,1.19,0,35,69
Global,4.55,Easy Orange Chicken,6.57,1.64,0,25,46
Vegetarian Recipes,4.88,Lemon Blueberry Cream Cheese Galette,5.0,0.83,1,45,8
Holiday Recipes,4.69,Chocolate Cayenne Crinkles,2.95,0.15,0,45,32
Vegetarian Recipes,4.64,Buttermilk Pull-Apart Rolls from Bread Toast Crumbs,$0.98 recipe / $0.10 per roll,$0.98 recipe / $0.10 per roll,2,55,11
Holiday Recipes,4.8,Chocolate Gingersnaps,4.33,0.18,1,45,5
Holiday Recipes,4.82,Cranberry Almond Cake,3.76,0.47,0,50,22
Global,4.89,Chicken and Mandarin Salad with Simple Sesame Dressing,5.2,2.6,0,15,9
Global,5.0,Hummus Breakfast Tacos,,,0,15,4
Holiday Recipes,5.0,Slow Cooker Spiced Cranberry Apple Cider,11.49,0.96,3,10,4
Vegetarian Recipes,4.95,Homemade Crepes,1.24,0.18,1,0,20
Global,5.0,Creamy Chicken and Spinach Quesadillas,$6.31 recipe / $1.58 per quesadilla,$6.31 recipe / $1.58 per quesadilla,0,35,7
Vegetarian Recipes,5.0,Apple Pie Scones,2.53,0.32,0,35,5
Vegetarian Recipes,4.91,Banana Flax Muffins,$1.99 recipe / $0.33 each,$1.99 recipe / $0.33 each,0,35,10
Vegetarian Recipes,4.93,Cinnamon Nut Swirl Mug Cake,$0.45 each,$0.45 each,0,6,14
Vegetarian Recipes,4.56,Caramelized Banana and Peanut Butter Quesadilla,$0.49 each,$0.49 each,0,15,9
Salads,4.92,Autumn Harvest Salad,7.69,1.28,1,15,12
Vegetarian Recipes,4.75,Toasted Coconut Oat Bran,2.0,0.5,0,15,4
Holiday Recipes,,,,,0,0,0
Vegetarian Recipes,,,,,0,0,0
Vegetarian Recipes,4.88,Broiled Balsamic Vegetables with Lemon Parsley Rice,9.12,2.28,1,0,24
Global,5.0,Easy Homemade Teriyaki Sauce or Marinade,,,0,10,5
Vegetarian Recipes,4.63,Pumpkin Pie Spice Snickerdoodles (for two),1.11,0.56,0,43,8
Holiday Recipes,5.0,Sweet Molasses Dinner Rolls,$1.87 recipe / $0.16 each,$1.87 recipe / $0.16 each,2,55,9
Holiday Recipes,4.87,Mini Dark Chocolate Pecan Pies,$5.23 recipe / $0.44 each,$5.23 recipe / $0.44 each,0,50,15
Vegetarian Recipes,4.69,Triple Berry Oat Muffins,$3.85 recipe / $0.48 each,$3.85 recipe / $0.48 each,0,35,16
Vegetarian Recipes,4.84,Apple Cherry Baked Oatmeal,4.32,0.72,0,55,12
Global,5.0,Upgraded Instant Ramen,,,0,10,2
Global,4.88,Easy Egg Drop Soup,4.67,0.78,0,30,8
Vegetarian Recipes,,,,,0,0,0
Vegetarian Recipes,,,,,0,0,0
Vegetarian Recipes,5.0,Cinnamon Pita Crisps,1.22,0.31,0,25,2
Vegetarian Recipes,5.0,Rosemary Pepper Drop Biscuits,1.68,0.21,0,35,7
Vegetarian Recipes,4.78,Peanut Butter Brownie Baked Oatmeal,3.77,0.63,0,55,22
Vegetarian Recipes,5.0,Banana Coconut Baked Oatmeal,4.29,0.72,0,55,16
Vegetarian Recipes,4.84,Lemon Berry Cobbler,4.78,1.2,0,40,18
Vegetarian Recipes,5.0,Strawberry Shortcake,6.63,1.11,0,40,10
Vegetarian Recipes,5.0,Seeded No-Knead Bread,0.68,0.17,13,40,9
Vegetarian Recipes,4.55,Peanut Butter and Jelly Bars,4.37,0.36,1,0,11
Vegetarian Recipes,,,,,0,0,0
Vegetarian Recipes,4.94,Strawberry White Chocolate Scones,3.29,0.41,0,35,15
Vegetarian Recipes,4.6,Roasted Red Pepper and Tomato Soup,5.41,1.35,0,25,35
Vegetarian Recipes,4.87,Lemon Blueberry Cornbread Skillet,2.93,0.37,0,40,15
Global,4.89,Roasted Corn Quesadillas,$7.52 recipe / $1.07 each,$7.52 recipe / $1.07 each,0,25,9
Vegetarian Recipes,5.0,Morning Glory Baked Oatmeal,6.04,0.76,1,0,12
Vegetarian Recipes,4.75,Slow Cooker Stuffed Apples,4.56,0.91,2,15,8
Vegetarian Recipes,5.0,Spinach Tomato Quesadillas,5.14,1.29,0,25,12
Vegetarian Recipes,4.78,Blueberry Buttermilk Coffee Cake,3.3,0.41,1,0,18
Holiday Recipes,,,,,0,0,0
Vegetarian Recipes,4.69,How to Make Pickled Red Onions,,,0,15,38
Vegetarian Recipes,4.65,No Sugar Added Banana Nut Granola,5.45,0.45,1,45,14
Vegetarian Recipes,4.83,Broccoli Cheddar Casserole,6.56,1.09,1,10,46
Vegetarian Recipes,4.58,Heat and Eat Oatmeal,1.82,0.36,0,15,7
Vegetarian Recipes,4.67,Smoothie Packs,10.4,1.3,0,10,9
Vegetarian Recipes,4.87,Snickerdoodles (for two),0.84,0.42,0,48,30
Vegetarian Recipes,4.91,No-Knead Focaccia Rolls,1.2,0.1,18,25,20
Vegetarian Recipes,5.0,Brown Butter Soda Bread,2.52,0.32,1,10,1
Vegetarian Recipes,4.83,No Knead English Muffin Bread,0.71,0.06,2,0,17
Vegetarian Recipes,5.0,Gingerbread Baked Oatmeal,2.48,0.41,0,50,6
Vegetarian Recipes,4.7,"""The One"" Chocolate Mug Cake",$0.30 recipe,$0.30 recipe,0,4,80
Vegetarian Recipes,4.75,Lemon Pudding Cakes for Two,1.14,0.57,0,50,4
Vegetarian Recipes,4.92,Blueberry Banana Baked Oatmeal,4.18,0.52,1,0,25
Vegetarian Recipes,4.6,Loaded Baked Potato Fries,5.81,0.97,1,0,5
Vegetarian Recipes,4.78,Chocolate Banana Baked Oatmeal,3.59,0.6,0,55,9
Vegetarian Recipes,4.93,5 Ingredient Freezer Biscuits,4.14,0.35,0,32,28
Vegetarian Recipes,4.47,Pumpkin Molasses Bread,4.22,0.35,1,10,13
Vegetarian Recipes,4.77,Anne Byrn's 1917 Applesauce Cake,2.21,0.25,0,50,21
Vegetarian Recipes,4.67,Pumpkin Yogurt Parfaits,3.92,0.98,0,15,3
Vegetarian Recipes,4.6,Pumpkin Spice Granola,4.5,0.64,1,15,10
Vegetarian Recipes,4.95,Sweet Potato Casserole Baked Oatmeal,5.14,0.86,0,55,18
Vegetarian Recipes,4.64,Sally's Chocolate Glazed Orange Macaroons,6.92,0.33,0,35,11
Vegetarian Recipes,4.88,Lemon Poppy Seed Two-Bite Scones,2.71,0.15,0,30,32
Vegetarian Recipes,4.89,Savory Vegetable Stuffing,7.54,0.94,1,25,9
Vegetarian Recipes,4.8,Homemade Chococlate Crescent Rolls,2.15,0.36,1,52,5
Vegetarian Recipes,4.67,Peanut Lime Cauliflower Salad,5.24,1.21,0,25,12
Vegetarian Recipes,3.34,Easy Chocolate Cinnamon Buns,6.29,0.52,0,55,3
Vegetarian Recipes,5.0,Almond Apricot Biscotti,$3.57 recipe / $0.13 each,$3.57 recipe / $0.13 each,1,0,9
Vegetarian Recipes,5.0,Roasted Broccoli Salad with Almonds and Simple Sesame Dressing,3.91,1.96,0,45,12
Vegetarian Recipes,3.92,Choco-coconut Granola,1.51,0.38,1,0,12
Vegetarian Recipes,,,,,0,0,0
Vegetarian Recipes,4.75,Kale & Chickpea Soup,6.12,0.77,0,45,12
Vegetarian Recipes,4.71,Sweet Potato Grain Bowls with Green Tahini Sauce,8.65,2.16,1,5,24
Vegetarian Recipes,4.24,Baked Broccoli Cheddar Tots,3.22,0.54,0,55,13
Vegetarian Recipes,,,,,0,0,0
Vegetarian Recipes,,,,,0,0,0
Vegetarian Recipes,5.0,Lemon Ricotta Cookies,3.53,0.12,0,25,7
Vegetarian Recipes,,,,,0,0,0
Vegetarian Recipes,5.0,Chili Garlic Breakfast Quesadilla,$0.61 recipe,$0.61 recipe,0,10,4
Vegetarian Recipes,4.88,Homemade Garlic Bread,2.43,0.2,0,25,8
Vegetarian Recipes,5.0,Gingerbread Steel-cut Oats,2.14,0.54,0,35,1
Vegetarian Recipes,4.75,5-Minute Microwave French Toast Mug,$0.84 each,$0.84 each,0,5,16
Vegetarian Recipes,5.0,Parmesan Roasted Potatoes,2.37,0.59,0,55,1
Vegetarian Recipes,4.65,Spinach and Orzo Salad with Balsamic Vinaigrette,5.5,1.38,0,25,14
Vegetarian Recipes,4.75,Honey Sunflower Bread,2.09,0.17,3,25,12
Vegetarian Recipes,4.0,Jalapeño Cheddar Cornbread,4.38,0.55,0,28,10
Vegetarian Recipes,4.8,Soft Oat and Nut Bars,3.53,0.39,0,45,25
Vegetarian Recipes,4.78,Peanut Butter Banana Quesadillas,0.86,0.86,0,10,18
Vegetarian Recipes,5.0,Cinnamon Date & Walnut Baked Oatmeal,5.58,0.7,0,55,5
Vegetarian Recipes,4.58,Baked Barley with Mushrooms,4.23,0.71,1,15,19
Vegetarian Recipes,4.82,funky monkey baked oatmeal,3.88,0.49,0,55,16
Global,4.93,Shrimp Fried Rice with Pineapple and Toasted Coconut,7.58,1.9,0,30,14
Vegetarian Recipes,4.88,Cranberry Apple Baked Oatmeal,3.79,0.63,1,0,24
Global,4.91,Sesame Kale,1.96,0.49,0,17,11
Vegetarian Recipes,5.0,Asparagus Breakfast Wraps,4.71,0.79,0,25,2
Vegetarian Recipes,4.58,blueberry mug muffin,$0.37 recipe,$0.37 recipe,0,7,78
Vegetarian Recipes,,Apple Cinnamon Bread Pudding,4.22,0.7,1,0,0
Global,5.0,Hatch Chile Sweet Potato Cornbread,3.75,0.47,1,15,5
Global,4.95,Pork Gyoza,9.01,0.18,1,0,20
Global,4.6,Thai Coconut Curry Braised Chicken Thighs,10.29,2.06,0,35,61
Vegetarian Recipes,4.67,Basic Biscuits,1.12,0.09,0,30,15
Vegetarian Recipes,5.0,Lemon Blueberry Scones,2.16,0.27,0,30,10
Vegetarian Recipes,5.0,Cranberry Almond Biscotti,3.64,0.12,1,0,2
Vegetarian Recipes,,Peach Almond Crisp,3.37,0.42,1,0,0
Vegetarian Recipes,5.0,Homemade Croutons,1.95,0.24,0,30,1
Vegetarian Recipes,5.0,Pesto Cheese Toast,5.8,0.48,0,25,1
Vegetarian Recipes,4.67,Spicy Sweet Potato Stix,2.81,0.7,0,55,3
Vegetarian Recipes,4.73,Raspberry Oat Bars,2.0,0.17,0,45,11
Vegetarian Recipes,,Pumpkin Cream Cheese Spread,1.61,0.27,0,10,0
Vegetarian Recipes,4.86,Cinnamon Raisin Bagels,0.94,0.09,2,45,14
Vegetarian Recipes,5.0,Mushroom Herb Gravy,3.23,0.54,0,30,13
Vegetarian Recipes,4.67,Zucchini Fritters,2.08,0.35,0,25,6
Vegetarian Recipes,,Autumn Fruit and Nut Oatmeal,0.54,0.54,0,7,0
Vegetarian Recipes,5.0,Cinnamon Raisin Bread,1.24,0.1,5,0,9
Vegetarian Recipes,,Nutty Caramel Corn,1.23,0.21,0,45,0
Vegetarian Recipes,4.63,Cranberry Walnut Bread,1.49,0.12,3,40,8
Vegetarian Recipes,5.0,Pumpkin Bread Pudding,5.13,0.64,1,0,2
Vegetarian Recipes,5.0,Olive Herb Bread,2.3,0.19,3,30,1
Vegetarian Recipes,,Tartar-like Sauce,1.32,0.33,0,10,0
Vegetarian Recipes,5.0,Muesli (cold oats),1.71,0.21,0,5,3
Vegetarian Recipes,4.0,Cinnamon Spice Biscotti,1.47,0.11,1,0,1
Vegetarian Recipes,5.0,Creamy Avocado Dressing,4.42,0.53,0,10,4
Vegetarian Recipes,5.0,Baked Oatmeal,3.55,0.52,1,0,8
Vegetarian Recipes,4.5,Microwave Tortilla Chips,$0.23 recipe,$0.23 recipe,0,5,2
Vegetarian Recipes,5.0,Morning Glory Muffins,4.47,0.25,0,50,7
Vegetarian Recipes,,Real Bread Pudding,5.95,0.74,1,30,0
Vegetarian Recipes,5.0,Oatmeal Molasses Bread,2.57,0.21,5,0,10
Vegetarian Recipes,4.84,Baked Pumpkin Pie Oatmeal,4.69,0.78,0,55,78
Vegetarian Recipes,5.0,Sweet Potato Biscuits,2.44,0.31,0,35,3
Global,4.0,Mango Pineapple Chutney,4.36,0.36,1,10,1
Vegetarian Recipes,4.82,No-knead Focaccia,1.07,0.09,16,20,11
Global,4.65,Indian Style Creamed Spinach,8.41,2.1,0,40,28
Vegetarian Recipes,5.0,Corn and Cheddar Pudding,3.57,0.45,1,10,2
Vegetarian Recipes,5.0,Lemon Spice Cake,1.32,0.17,0,50,4
Global,5.0,southwest breakfast scramble,5.73,1.43,0,25,11
Vegetarian Recipes,4.0,Sriracha Peach Crisp,5.88,0.74,0,45,4
Global,5.0,Indian Spiced Oats w/ Coconut Milk,2.8,0.7,0,35,3
Global,4.67,Quick Migas,3.4,0.57,0,15,3
Global,4.88,Sesame Ginger Dressing,2.87,0.57,0,10,8
Global,,Chili Cheese Cornbread,2.76,0.18,0,30,0
Vegetarian Recipes,4.8,Apple Flax Muffins,3.49,0.29,0,35,5
Global,4.9,Quick Ramen Bowl,$1.01 recipe,$1.01 recipe,0,20,19
Global,4.82,Hot & Sour Vegetable Soup with Tofu,6.72,1.12,0,35,32
Global,4.67,Homemade Pita Bread,0.78,0.1,1,35,9
Global,5.0,Black Bean and Roasted Salsa Soup,5.87,0.97,1,15,2
Global,5.0,Stuffed Poblano Peppers,6.18,1.03,2,0,3
Global,5.0,Flour Tortillas,0.66,0.08,0,45,4
Global,4.8,Dolmas (Stuffed Grape Leaves),7.99,0.8,1,15,5
Global,4.8,Polvorones,2.21,0.09,0,30,5
Global,5.0,Freezer Breakfast Burritos,3.56,0.59,0,45,9
Global,4.71,Easy Red Enchilada Sauce,$0.80 recipe,$0.80 recipe,0,10,79
Global,3.25,Coconut Rice Pilaf,7.22,0.9,0,55,4
Global,4.5,Flour Tortillas v.2.0 (low fat),0.44,0.04,0,55,10
Meat Recipes,4.79,How to Make Instant Pot Chicken Stock,,,1,30,32
Meat Recipes,4.94,Crispy Baked Honey Sriracha Chicken Drumsticks,4.47,1.49,0,55,33
Meat Recipes,4.78,Balsamic Chicken Skillet,5.66,0.94,1,10,18
Meat Recipes,4.56,Baked Chicken with Artichokes and Tomatoes,8.61,2.15,0,45,34
Quick,,Super Quick Tomato Soup,2.4,0.4,0,20,0
Meat Recipes,,,,,0,0,0
Meat Recipes,4.56,Ham and Cheese Biscuits,$4.80 recipe / $0.80 each,$4.80 recipe / $0.80 each,0,40,9
Quick,4.34,10 min. Rocky Road Fudge,7.28,0.46,0,10,3
Quick,5.0,Peanut Butter S'mores Pots,1.22,0.61,0,25,5
Quick,4.8,5 Minute Savory Microwave Breakfast Mug,,,0,5,10
Quick,5.0,Garlic Toast with Balsamic Tomatoes and White Beans,4.16,1.04,0,20,12
Quick,4.41,Chocolate Lava Cake for Two (or one),1.02,0.51,0,25,5
Quick,,Grits 'n Greens,$0.66 recipe,$0.66 recipe,0,15,0
Soup Recipes,5.0,Garden Tomato Soup,5.95,0.74,0,45,2
Vegetables,4.93,Baked Zucchini Fries,2.73,0.55,0,30,13
Vegetables,4.86,Ham & Potato Frittata,5.79,0.72,0,40,7
Vegetables,,,,,0,0,0
Quick,5.0,Cranberry Orange Cream Scones,$1.94 recipe / $0.11 each,$1.94 recipe / $0.11 each,0,25,18
Vegetables,5.0,Parsley Pesto Potatoes,4.84,0.81,1,0,1
Vegetables,,,,,0,0,0
Soy Free,4.59,Oatmeal Pumpkin Cookies,2.51,0.17,0,33,31
Soy Free,4.77,Almost Eggs Benedict,3.77,1.89,0,35,13
Soy Free,4.92,Orange Cranberry Muffins,$3.53 recipe / $0.30 per muffin,$3.53 recipe / $0.30 per muffin,1,0,12
Vegetables,,,,,0,0,0
Fruit,,,,,0,0,0
Fruit,4.5,Cinnamon Pecan Granola,6.15,0.62,0,45,8
Fruit,4.77,Apple Pie Baked Oatmeal,4.76,0.6,1,0,17
Fruit,4.88,Banana Bread Oatmeal,3.57,0.46,0,55,25
Dairy Free,4.67,Gingersnap Granola,5.16,0.32,0,55,9
Breakfast Recipes,5.0,Chocolate Cinnamon Swirl Bread,1.6,0.13,3,50,4
Breakfast Recipes,,Raisin Spice Bread,1.51,0.13,3,30,0
Breakfast Recipes,5.0,Make Ahead Seeded Oats,,,0,7,2
Breakfast Recipes,,,,,0,0,0
Breakfast Recipes,4.77,Carrot Cake Baked Oatmeal,5.16,0.86,1,15,17
Breakfast Recipes,4.73,How to Make Perfect Soft Boiled Eggs,,,0,10,18
Beans & Grains,,,,,0,0,0
Beans & Grains,,,,,0,0,0
Breakfast Recipes,4.89,Almond Dutch Baby with Ricotta and Jam,2.56,0.64,0,40,9
Breakfast Recipes,,,,,0,0,0
Bread Recipes,4.84,Tomato Herb Pull Apart Bread,1.97,0.33,1,55,6
Dessert,4.61,Carrot Cake (for two),$1.30 recipe / $0.65 each,$1.30 recipe / $0.65 each,1,0,23
Dessert,4.91,All-Edge Spiced Brownies,1.71,0.29,0,30,11
Dessert,4.46,Fudge Brownie Pots (for two),1.04,0.52,0,45,33
Cost Per Recipe,,,,,0,0,0
Cost Per Recipe,,,,,0,0,0
Cost Per Recipe,,,,,0,0,0
Cost Per Recipe,,,,,0,0,0
Cost Per Recipe,,,,,0,0,0
Cost Per Recipe,,,,,0,0,0
Cost Per Recipe,,,,,0,0,0
Cost Per Recipe,,,,,0,0,0
Cost Per Recipe,,,,,0,0,0
Cost Per Recipe,,,,,0,0,0
Cost Per Recipe,,,,,0,0,0
Cost Per Recipe,5.0,Instant Pot Mashed Potatoes,2.17,0.36,0,40,3
Cost Per Recipe,,,,,0,0,0
Cost Per Recipe,,,,,0,0,0
Cost Per Recipe,,,,,0,0,0
Cost Per Recipe,,,,,0,0,0
Cost Per Recipe,,,,,0,0,0
Cost Per Recipe,,,,,0,0,0
Cost Per Recipe,,,,,0,0,0
